type,name
male_first,Aaron
male_first,Adam
male_first,Adrian
male_first,Aiden
male_first,Alan
male_first,Albert
male_first,Alexander
male_first,Andrew
male_first,Anthony
male_first,Archer
male_first,Arthur
male_first,Asher
male_first,Atlas
male_first,August
male_first,Austin
male_first,Axel
male_first,Barrett
male_first,Beau
male_first,Beckett
male_first,Benjamin
male_first,Bennett
male_first,Billy
male_first,Blaine
male_first,Bobby
male_first,Brandon
male_first,Brian
male_first,Brooks
male_first,Bruce
male_first,Bryan
male_first,Bryce
male_first,Caden
male_first,Caleb
male_first,Callum
male_first,Cameron
male_first,Carl
male_first,Carlos
male_first,Cash
male_first,Charles
male_first,Christian
male_first,Christopher
male_first,Clarence
male_first,Colin
male_first,Colton
male_first,Conrad
male_first,Cooper
male_first,Craig
male_first,Cruz
male_first,Curtis
male_first,Dale
male_first,Dane
male_first,Daniel
male_first,Darren
male_first,David
male_first,Declan
male_first,Dennis
male_first,Derek
male_first,Dominic
male_first,Donald
male_first,Douglas
male_first,Drake
male_first,Dylan
male_first,Easton
male_first,Edward
male_first,Elijah
male_first,Ellis
male_first,Emmett
male_first,Eric
male_first,Ernest
male_first,Ethan
male_first,Eugene
male_first,Ezra
male_first,Felix
male_first,Finn
male_first,Ford
male_first,Frank
male_first,Gabriel
male_first,Gage
male_first,Gary
male_first,George
male_first,Gerald
male_first,Glenn
male_first,Gordon
male_first,Grant
male_first,Gregory
male_first,Griffin
male_first,Harold
male_first,Harry
male_first,Hayes
male_first,Heath
male_first,Hendrix
male_first,Henry
male_first,Howard
male_first,Hudson
male_first,Hugo
male_first,Irving
male_first,Isaiah
male_first,Ivan
male_first,Jace
male_first,Jack
male_first,Jacob
male_first,James
male_first,Jason
male_first,Jasper
male_first,Jaxon
male_first,Jayden
male_first,Jeffrey
male_first,Jeremy
male_first,Jerry
male_first,Jesse
male_first,Joe
male_first,Joel
male_first,John
male_first,Johnny
male_first,Jonathan
male_first,Joseph
male_first,Joshua
male_first,Justin
male_first,Kai
male_first,Keegan
male_first,Keith
male_first,Kenneth
male_first,Kevin
male_first,Knox
male_first,Kyle
male_first,Lance
male_first,Landon
male_first,Lane
male_first,Larry
male_first,Lawrence
male_first,Leo
male_first,Leonard
male_first,Levi
male_first,Liam
male_first,Lincoln
male_first,Logan
male_first,Louis
male_first,Lucas
male_first,Luke
male_first,Maddox
male_first,Marcel
male_first,Marcus
male_first,Mark
male_first,Martin
male_first,Mason
male_first,Mateo
male_first,Matthew
male_first,Maverick
male_first,Melvin
male_first,Michael
male_first,Miguel
male_first,Miles
male_first,Mitchell
male_first,Nash
male_first,Nathan
male_first,Nicholas
male_first,Nico
male_first,Noah
male_first,Nolan
male_first,Oliver
male_first,Orion
male_first,Oscar
male_first,Otto
male_first,Owen
male_first,Parker
male_first,Patrick
male_first,Paul
male_first,Peter
male_first,Philip
male_first,Phoenix
male_first,Pierce
male_first,Quentin
male_first,Quinn
male_first,Ralph
male_first,Randy
male_first,Ray
male_first,Raymond
male_first,Reid
male_first,Rhett
male_first,Richard
male_first,Robert
male_first,Rocco
male_first,Roger
male_first,Roman
male_first,Ronald
male_first,Rowan
male_first,Roy
male_first,Russell
male_first,Ryan
male_first,Ryker
male_first,Samuel
male_first,Sawyer
male_first,Scott
male_first,Sean
male_first,Sebastian
male_first,Shawn
male_first,Silas
male_first,Soren
male_first,Stephen
male_first,Sterling
male_first,Steven
male_first,Sullivan
male_first,Tate
male_first,Terry
male_first,Theodore
male_first,Thomas
male_first,Timothy
male_first,Todd
male_first,Travis
male_first,Tristan
male_first,Tucker
male_first,Tyler
male_first,Victor
male_first,Vincent
male_first,Wade
male_first,Walter
male_first,Warren
male_first,Weston
male_first,William
male_first,Willie
male_first,Wyatt
male_first,Xavier
male_first,Zachary
male_first,Zane
female_first,Aaliyah
female_first,Abigail
female_first,Adeline
female_first,Alexa
female_first,Alice
female_first,Allison
female_first,Amanda
female_first,Amy
female_first,Andrea
female_first,Angela
female_first,Ann
female_first,Anna
female_first,Aria
female_first,Ariana
female_first,Arianna
female_first,Ashley
female_first,Athena
female_first,Audrey
female_first,Aurora
female_first,Autumn
female_first,Avery
female_first,Barbara
female_first,Bella
female_first,Betty
female_first,Bianca
female_first,Brenda
female_first,Brielle
female_first,Brooklyn
female_first,Camille
female_first,Carol
female_first,Caroline
female_first,Carolyn
female_first,Catherine
female_first,Celeste
female_first,Cheryl
female_first,Chloe
female_first,Christina
female_first,Christine
female_first,Claire
female_first,Clara
female_first,Cora
female_first,Cynthia
female_first,Daisy
female_first,Daphne
female_first,Deborah
female_first,Debra
female_first,Delilah
female_first,Diana
female_first,Diane
female_first,Donna
female_first,Dorothy
female_first,Eden
female_first,Eleanor
female_first,Elena
female_first,Eliana
female_first,Elizabeth
female_first,Ella
female_first,Emery
female_first,Emilia
female_first,Emily
female_first,Emma
female_first,Eva
female_first,Evelyn
female_first,Everly
female_first,Fiona
female_first,Frances
female_first,Freya
female_first,Gabriella
female_first,Gemma
female_first,Genesis
female_first,Gianna
female_first,Giselle
female_first,Gloria
female_first,Grace
female_first,Hailey
female_first,Hannah
female_first,Harlow
female_first,Harmony
female_first,Haven
female_first,Hazel
female_first,Heather
female_first,Ingrid
female_first,Iris
female_first,Isla
female_first,Ivy
female_first,Jacqueline
female_first,Jade
female_first,Janet
female_first,Janice
female_first,Jean
female_first,Jennifer
female_first,Jessica
female_first,Joan
female_first,Jolene
female_first,Josephine
female_first,Joyce
female_first,Judith
female_first,Judy
female_first,Julia
female_first,Julie
female_first,Juliette
female_first,June
female_first,Kaia
female_first,Karen
female_first,Katherine
female_first,Kathleen
female_first,Kathryn
female_first,Kaylee
female_first,Keira
female_first,Kelly
female_first,Kennedy
female_first,Kimberly
female_first,Kinsley
female_first,Laura
female_first,Lauren
female_first,Layla
female_first,Leilani
female_first,Lena
female_first,Lennox
female_first,Leona
female_first,Liliana
female_first,Lily
female_first,Linda
female_first,Lisa
female_first,Lucy
female_first,Lydia
female_first,Mackenzie
female_first,Madeline
female_first,Madelyn
female_first,Madison
female_first,Maeve
female_first,Margaret
female_first,Margot
female_first,Maria
female_first,Martha
female_first,Mary
female_first,Maya
female_first,Megan
female_first,Melanie
female_first,Melissa
female_first,Melody
female_first,Mia
female_first,Michelle
female_first,Mila
female_first,Mirabelle
female_first,Nancy
female_first,Naomi
female_first,Natalie
female_first,Nevaeh
female_first,Nicole
female_first,Noelle
female_first,Nora
female_first,Nova
female_first,Olivia
female_first,Opal
female_first,Ophelia
female_first,Paige
female_first,Paisley
female_first,Palmer
female_first,Pamela
female_first,Patricia
female_first,Penelope
female_first,Peyton
female_first,Piper
female_first,Rachel
female_first,Raelynn
female_first,Reagan
female_first,Rebecca
female_first,Reese
female_first,Remi
female_first,Riley
female_first,Ruby
female_first,Ruth
female_first,Rylee
female_first,Sadie
female_first,Sage
female_first,Samantha
female_first,Sandra
female_first,Sara
female_first,Sarah
female_first,Savannah
female_first,Scarlett
female_first,Serenity
female_first,Sharon
female_first,Shirley
female_first,Skylar
female_first,Sloane
female_first,Sophia
female_first,Sophie
female_first,Stella
female_first,Stephanie
female_first,Susan
female_first,Teagan
female_first,Teresa
female_first,Tessa
female_first,Uma
female_first,Valentina
female_first,Vera
female_first,Victoria
female_first,Violet
female_first,Virginia
female_first,Vivian
female_first,Willow
female_first,Winter
female_first,Wren
female_first,Zara
last,Abbott
last,Acosta
last,Adams
last,Allen
last,Alvarez
last,Anderson
last,Arias
last,Bailey
last,Baker
last,Barker
last,Barnes
last,Bates
last,Bell
last,Bennett
last,Berry
last,Bishop
last,Blake
last,Booth
last,Brady
last,Brooks
last,Brown
last,Burke
last,Burns
last,Butler
last,Campbell
last,Carey
last,Carter
last,Castillo
last,Castro
last,Chambers
last,Chan
last,Chandler
last,Chavez
last,Clark
last,Clayton
last,Cole
last,Coleman
last,Collins
last,Cook
last,Cooper
last,Cox
last,Crosby
last,Cruz
last,Dalton
last,Davis
last,Dawson
last,Diaz
last,Dillon
last,Drake
last,Dunn
last,Edwards
last,Ellis
last,Emerson
last,Erickson
last,Evans
last,Everett
last,Faulkner
last,Finley
last,Fisher
last,Fleming
last,Flores
last,Ford
last,Foster
last,Fox
last,Freeman
last,Fritz
last,Frost
last,Gaines
last,Garcia
last,Garrett
last,Gibson
last,Gilmore
last,Gomez
last,Gonzales
last,Gonzalez
last,Graham
last,Grant
last,Graves
last,Gray
last,Green
last,Greer
last,Gutierrez
last,Hale
last,Hall
last,Haney
last,Harmon
last,Harris
last,Hart
last,Hawkins
last,Hayes
last,Henderson
last,Henry
last,Hernandez
last,Hill
last,Holland
last,Holt
last,Howard
last,Hughes
last,Hunter
last,Ibarra
last,Ingram
last,Irving
last,Irwin
last,Jackson
last,James
last,Jarvis
last,Jenkins
last,Jennings
last,Jimenez
last,Johnson
last,Jones
last,Joyce
last,Kane
last,Kelley
last,Kelly
last,Kennedy
last,Kim
last,King
last,Kline
last,Knight
last,Lambert
last,Lane
last,Larson
last,Lee
last,Lewis
last,Long
last,Lopez
last,Marsh
last,Martin
last,Martinez
last,Mason
last,Mckee
last,Mendoza
last,Mercer
last,Miller
last,Mitchell
last,Moore
last,Morales
last,Morgan
last,Morris
last,Murphy
last,Murray
last,Myers
last,Nava
last,Neal
last,Nelson
last,Nguyen
last,Norton
last,Ochoa
last,Olson
last,Ortiz
last,Osborne
last,Owen
last,Page
last,Palmer
last,Parker
last,Patel
last,Perez
last,Perry
last,Peterson
last,Phillips
last,Pickett
last,Porter
last,Powell
last,Price
last,Proctor
last,Quinn
last,Ramirez
last,Ramos
last,Ramsey
last,Reed
last,Reyes
last,Reynolds
last,Richardson
last,Rivera
last,Roach
last,Roberts
last,Robinson
last,Rodriguez
last,Rogers
last,Ross
last,Rowe
last,Ruiz
last,Russell
last,Sanchez
last,Sanders
last,Scott
last,Shaw
last,Shields
last,Simmons
last,Smith
last,Spencer
last,Stafford
last,Stewart
last,Stone
last,Sullivan
last,Taylor
last,Terrell
last,Thomas
last,Thompson
last,Thorne
last,Torres
last,Tran
last,Tucker
last,Turner
last,Underwood
last,Valencia
last,Vance
last,Vasquez
last,Villarreal
last,Wagner
last,Walker
last,Walsh
last,Ward
last,Watson
last,Weaver
last,Webb
last,Wells
last,West
last,White
last,Whitfield
last,Williams
last,Wilson
last,Winters
last,Wood
last,Wright
last,Yoder
last,York
last,Young
last,Zimmerman
